{
    "loss": 0.8959544897079468,
    "accuracy": 0.8791946172714233
}